{"cameraMode":{"drawMode":0,"name":"Shaded","section":"Shading Mode"},"sceneLighting":true,"audioPlay":false,"sceneViewState":{"showFog":true,"showMaterialUpdate":false,"showSkybox":true,"showFlares":true,"showImageEffects":true,"showParticleSystems":true},"in2DMode":false,"pivot":{"x":-0.7890244722366333,"y":1.176986575126648,"z":-0.3358757495880127},"rotation":{"x":0.24654823541641236,"y":0.037780310958623889,"z":-0.009619341231882573,"w":0.9683460593223572},"size":4.210472583770752,"orthographic":false}