{"cameraMode":{"drawMode":0,"name":"Shaded","section":"Shading Mode"},"sceneLighting":false,"audioPlay":false,"sceneViewState":{"showFog":true,"showMaterialUpdate":false,"showSkybox":true,"showFlares":true,"showImageEffects":true,"showParticleSystems":true},"in2DMode":false,"pivot":{"x":-9.70189094543457,"y":0.8000004887580872,"z":3.9785866737365724},"rotation":{"x":0.22312642633914948,"y":-0.47071871161460879,"z":0.12436988204717636,"w":0.8444944024085999},"size":4.572614669799805,"orthographic":false}